Client ID,Industry Type,id,Weight,Volume,Average CFT
1113,3PL,51,3804.6,588.76,8.136285478886828
1114,3PL,503,32251.0,5070.25,7.352325403205591
1124,3PL,65,12972.7,2964.62,8.141683858935618
1137,3PL,16,2555.0,334.84000000000003,7.374463307757669
1141,3PL,92,3486.0,1151.4,3.3147976494795066
1185,3PL,19,1592.68,375.28,4.79357122953908
1222,3PL,479,83029.708,8397.35,13.841331097731642
1232,3PL,70,7378.0,2793.2799999999997,4.705880085099601
1323,3PL,4,189.0,22.68,7.754894460971809
1341,3PL,387,31435.92,4140.28,9.754850531061903
1383,3PL,91,4754.0,735.06,19.397626467226285
1465,3PL,15,604.0,82.25,10.98819299328933
1495,3PL,51,2836.4,384.15999999999997,7.509740196908328
1558,3PL,93,8403.0,1593.43,7.800554699441329
1606,3PL,2,261.0,56.879999999999995,4.270704095346626
1636,3PL,96,4459.0,243.14,19.335409042524862
1663,3PL,16,829.88,211.97,5.216092758162903
1683,3PL,16,659.0,100.81,7.379966340081981
1695,3PL,5,3611.0,320.76,12.359516575766525
1751,3PL,15,4563.0,662.65,7.950786304668941
1759,3PL,32,4378.0,1201.26,5.552421596389835
1794,3PL,55,2809.0,448.69,7.459719806837306
1795,3PL,24,989.0,86.29,21.436870689761562
1801,3PL,16,2917.0,195.82999999999998,17.29538729461362
1886,3PL,1,2.1,0.69,3.0434782608695654
1900,3PL,12,935.0,52.33,30.964523055172133
1905,3PL,30,1549.0,480.35,3.604028636170942
1973,3PL,22,10064.0,899.82,9.493805242688191
1997,3PL,79,4539.0,716.2,5.915694365760826
2053,3PL,5,366.0,56.809999999999995,7.247949691278492
2133,3PL,3,150.8,30.47,5.607886098277533
2153,3PL,13,636.0,82.99,9.425989656487651
2181,3PL,3,91.64,30.880000000000003,2.5239509223711156
2197,3PL,2,1450.0,243.64999999999998,5.746158274847485
2213,3PL,3,1217.0,452.99,2.6004374029280517
2277,3PL,14,5010.86,529.54,10.679581750578224
2283,3PL,6,665.0,50.97,11.209241313682796
2290,3PL,3,146.2,24.43,6.288865340845999
2300,3PL,1,250.0,28.99,8.623663332183511
2318,3PL,3,1277.0,42.06,30.210233381944352
2353,3PL,1,205.0,26.4,7.765151515151516
2379,3PL,2,135.0,8.370000000000001,16.008224938673703
2390,3PL,1,497.0,56.81,8.748459778208062
1112,APPAREL,1186,36762.22,6555.87,5.9518366296328855
1117,APPAREL,68,32093.76,8229.69,4.102478128166602
1120,APPAREL,36,8298.5,1451.76,5.837575049524686
1122,APPAREL,61,16220.53,3323.02,5.582347456836813
1127,APPAREL,299,81787.93,15983.1,8.321828780877707
1170,APPAREL,215,49965.77,14204.56,4.450992952473644
1174,APPAREL,62,22302.239999999998,7064.06,3.6570412556158174
1176,APPAREL,1590,84178.715,15195.789999999999,41.16917040178977
1178,APPAREL,201,56518.43,11442.61,5.156406792930396
1182,APPAREL,726,41811.898,20048.85,2.8679415508624317
1196,APPAREL,342,12573.004,2841.46,11.15046338506293
1210,APPAREL,92,7816.08,3158.71,2.594387968188342
1225,APPAREL,832,62171.705,11628.86,5.933690355364218
1229,APPAREL,809,107615.0,25135.41,4.380659358230961
1243,APPAREL,178,12826.0,6898.13,4.0499464587525305
1267,APPAREL,187,30796.74,5322.64,6.574400665039402
1295,APPAREL,116,12023.0,2294.88,3.8002198158219818
1315,APPAREL,87,3475.12,726.61,6.70808944097342
1333,APPAREL,2,146.0,14.469999999999999,10.074497077833966
1340,APPAREL,205,11959.0,2003.56,6.453064099909246
1356,APPAREL,27,32622.39,4538.26,8.870608847012367
1363,APPAREL,47,3578.0,568.34,7.172561408400672
1376,APPAREL,117,48052.0,7288.33,20.869986217678278
1389,APPAREL,29,13681.7,1612.79,8.809018049149552
1394,APPAREL,63,13500.4,4470.66,7.002845589107291
1404,APPAREL,99,7351.68,1476.1200000000001,5.69168374410943
1420,APPAREL,16,6267.0,1134.14,7.818598910272946
1450,APPAREL,124,4966.84,807.3,6.267732469787657
1452,APPAREL,16,2745.0,453.53,6.941797535686026
1453,APPAREL,55,3955.0,704.69,6.05610643247274
1461,APPAREL,32,1480.0,364.0,10.414677811787511
1464,APPAREL,12,467.0,94.73,5.532300654150853
1498,APPAREL,15,6124.61,765.08,8.203692853128556
1503,APPAREL,18,2565.0,589.72,4.32210660621524
1514,APPAREL,647,20035.0,6205.19,3.344534227006471
1519,APPAREL,14,11891.0,2351.82,5.578102834947736
1523,APPAREL,9,5374.6,807.03,7.252360553054164
1524,APPAREL,3,228.0,44.75,4.964014300112988
1525,APPAREL,19,4577.0,1267.5,3.7048690335534586
1531,APPAREL,52,12937.0,3092.02,5.4216122254101755
1550,APPAREL,58,3460.53,669.79,6.179280105757037
1559,APPAREL,214,18155.47,7322.78,2.848153485632884
1563,APPAREL,13,11715.1,1988.75,6.772353427298951
1571,APPAREL,167,12614.14,2565.44,11.96271434752176
1593,APPAREL,17,18070.0,4649.51,4.137137226506038
1601,APPAREL,27,2024.0,415.22,5.338605332045843
1605,APPAREL,6,124.0,28.05,4.840496263857072
1607,APPAREL,28,3041.0,532.92,5.633198307752283
1617,APPAREL,131,12353.0,2784.04,5.932217419004319
1619,APPAREL,8,372.0,103.74,4.402966185651209
1622,APPAREL,2,65.0,16.08,3.9878890695318208
1634,APPAREL,5,4858.0,1021.62,4.836173620265873
1639,APPAREL,12,430.0,68.59,6.496797879988306
1645,APPAREL,94,36532.0,10973.9,3.3179066279871634
1650,APPAREL,15,3412.0,2020.24,1.9290389612816812
1655,APPAREL,2503,227247.0,73836.7,4.498396289639037
1657,APPAREL,3,2584.0,365.12,6.021034035726234
1675,APPAREL,33,8738.8,369.04,21.873437931561423
1678,APPAREL,8,8425.6,795.74,14.73500437141253
1700,APPAREL,183,8854.0,1836.02,5.923413263771262
1747,APPAREL,51,5580.0,950.29,10.022320270894998
1761,APPAREL,12,566.0,93.89,6.019020868317529
1767,APPAREL,8,794.0,115.03,7.141546176345706
1768,APPAREL,134,1996.79,445.59000000000003,7.530003313802833
1804,APPAREL,66,4785.0,1437.76,4.054130097513823
1813,APPAREL,102,23508.0,3537.63,7.01299839741746
1833,APPAREL,21,708.0,136.69,14.45611378063986
1839,APPAREL,1,335.0,34.04,9.841363102232668
1848,APPAREL,20,3356.0,360.28,8.871462078663678
1855,APPAREL,87,3714.0,251.70000000000002,15.987016312712395
1857,APPAREL,39,214.38,31.01,7.240299715600772
1862,APPAREL,4,345.26,80.96000000000001,4.736087532254629
1880,APPAREL,9,303.0,54.33,5.827916598962779
1887,APPAREL,24,2059.0,593.29,40.13849051573042
1898,APPAREL,298,17519.52,2876.34,6.230866746517456
1912,APPAREL,14,2349.0,505.86,4.955842001574508
1920,APPAREL,70,18861.1,1441.68,20.490629074114185
1927,APPAREL,6,692.73,91.31,11.057063677362883
1933,APPAREL,11,829.0,440.4,2.226095152052599
1938,APPAREL,1,116.0,10.67,10.871602624179944
1950,APPAREL,15,2980.5,914.41,3.743823227157509
1952,APPAREL,37,59755.0,3014.59,27.687477343731945
1965,APPAREL,4,782.0,73.19,11.847533389627444
1968,APPAREL,62,18182.0,3667.18,7.147145369489066
1978,APPAREL,12,628.6,113.48,5.779176081178432
1989,APPAREL,60,1922.0,138.05,14.472922280699636
1991,APPAREL,48,2788.04,949.29,3.1941545977598618
1996,APPAREL,48,5124.845,1737.58,2.9308971090620894
1998,APPAREL,52,19105.0,3623.66,6.109349868018451
2003,APPAREL,91,2450.0,1188.46,2.573088308227763
2032,APPAREL,7,339.4,72.42,4.520181569775478
2051,APPAREL,1,22.0,5.69,3.8664323374340945
2077,APPAREL,86,26572.0,9804.29,2.9300145870154317
2079,APPAREL,1,28.0,15.08,1.856763925729443
2081,APPAREL,27,30567.6,3625.74,8.495074677007583
2090,APPAREL,9,261.0,62.37,4.166246955572503
2091,APPAREL,17,25410.37,1906.21,12.812818379848206
2094,APPAREL,11,2432.7,455.05,5.733272625591333
2119,APPAREL,14,1668.0,168.66,8.352324387204224
2145,APPAREL,13,11932.0,991.76,14.794453688409144
2150,APPAREL,8,384.0,347.88,2.35123306318147
2164,APPAREL,4,70.0,13.73,5.7751546997510825
2166,APPAREL,8,663.0,112.99000000000001,6.025898431124682
2168,APPAREL,7,790.0,75.7,9.410199190730307
2169,APPAREL,18,2920.13,598.61,4.562299476349719
2171,APPAREL,47,12050.0,1793.5,6.695176663461087
2172,APPAREL,15,1172.56,96.89,11.742553349034676
2187,APPAREL,2,1165.0,64.55,36.60935848493974
2192,APPAREL,21,504.0,186.32,2.5085845942533616
2193,APPAREL,8,4668.0,1655.67,2.8174185208850675
2220,APPAREL,11,657.7,104.36,6.902706828757068
2226,APPAREL,1,20.5,4.47,4.586129753914989
2236,APPAREL,4,2418.0,624.33,4.159239996039662
2246,APPAREL,1,50.0,8.68,5.760368663594471
2248,APPAREL,4,635.0,164.4,3.9909250320338283
2303,APPAREL,5,2587.74,420.57000000000005,6.225597373951554
2305,APPAREL,1,85.0,14.9,5.704697986577181
2308,APPAREL,4,70.2,14.58,4.82316384180791
2310,APPAREL,4,818.8,319.22,4.096345311043539
2351,APPAREL,17,1603.0,325.95,8.944350691498869
2362,APPAREL,1,80.0,11.08,7.2202166064981945
2371,APPAREL,1,20.0,3.79,5.277044854881266
2386,APPAREL,3,80.72,8.37,9.785510785510786
2399,APPAREL,2,25.0,9.46,2.6427061310782243
1121,AUTOMOTIVE,40,23101.42,681.43,32.160385283395684
1128,AUTOMOTIVE,13,4302.0,250.97,18.997911450884462
1133,AUTOMOTIVE,177,24959.6,3637.77,11.168371943360363
1143,AUTOMOTIVE,149,175032.5,7132.25,32.778245865961985
1152,AUTOMOTIVE,174,35283.748,1658.78,25.669481839884757
1156,AUTOMOTIVE,498,74789.0,11629.4,7.4722906104911395
1167,AUTOMOTIVE,399,11771.0,4662.94,9.5729612941448
1198,AUTOMOTIVE,119,15947.0,3732.25,5.6665037761780646
1233,AUTOMOTIVE,73,27116.2,2939.0,8.858720007239773
1307,AUTOMOTIVE,6,1192.6,133.54,8.942500545476074
1336,AUTOMOTIVE,134,21027.0,667.29,35.86151280186573
1449,AUTOMOTIVE,124,15889.0,1791.22,10.510124525644038
1568,AUTOMOTIVE,5,1828.0,18.96,77.10530393013224
1722,AUTOMOTIVE,7,5077.0,292.81,32.31822155234277
1764,AUTOMOTIVE,2,1437.0,8.5,168.52626320711425
1773,AUTOMOTIVE,9,11183.0,835.37,13.526529577453898
1858,AUTOMOTIVE,50,6170.0,549.48,13.751804751263721
1899,AUTOMOTIVE,3,102.0,17.880000000000003,3.8629997196626533
1946,AUTOMOTIVE,1,70.0,152.78,0.4581751538159445
1977,AUTOMOTIVE,11,3094.0,76.15,42.09442795739589
2046,AUTOMOTIVE,19,832.0,159.98999999999998,6.791620395623509
2060,AUTOMOTIVE,8,6489.0,1178.1,5.396684860123274
2074,AUTOMOTIVE,173,23743.1,1907.11,14.799738910427697
2125,AUTOMOTIVE,13,2416.2,214.7,16.412591239918736
2154,AUTOMOTIVE,10,14190.5,333.45,45.315954009532184
2227,AUTOMOTIVE,15,11408.0,623.0,26.10087782663893
2242,AUTOMOTIVE,2,291.0,21.549999999999997,17.390833472012005
2255,AUTOMOTIVE,5,1121.0,86.19,44.838184583865775
2259,AUTOMOTIVE,1,100.0,17.78,5.624296962879639
2342,AUTOMOTIVE,3,5864.0,64.99,82.20120787908282
2370,AUTOMOTIVE,4,760.0,237.04,3.127126797034641
1115,CHEMICALS,91,52530.8,3727.19,55.3390882525088
1142,CHEMICALS,21,33891.8,1471.15,24.212573925960225
1180,CHEMICALS,22,7324.0,572.47,13.247684563549894
1463,CHEMICALS,30,5312.0,288.82,17.836776369729773
1641,CHEMICALS,65,36531.0,2220.28,19.152297156375205
1651,CHEMICALS,133,73118.0,4322.61,18.493433128142065
1689,CHEMICALS,5,2008.5,137.94,13.460013838268623
1752,CHEMICALS,42,13745.0,1481.1,11.75609341425554
1783,CHEMICALS,5,495.0,71.1,6.587707828270252
1787,CHEMICALS,17,1079.415,164.12,7.6916537591184975
1824,CHEMICALS,56,10070.52,1638.05,6.710018172231913
1888,CHEMICALS,10,14454.0,1005.99,15.085639015788932
1944,CHEMICALS,35,55829.2,3396.39,18.28536009913039
2012,CHEMICALS,14,4250.0,350.16,12.79102957725623
2036,CHEMICALS,51,29190.06,2028.01,15.130189539867516
2174,CHEMICALS,74,23505.0,3514.2400000000002,7.916797525626327
2254,CHEMICALS,10,7036.0,367.67999999999995,18.276934052170354
2324,CHEMICALS,3,119.0,18.12,6.406183244009178
2346,CHEMICALS,4,1312.0,151.33,9.177948430508518
2348,CHEMICALS,1,126.0,19.36,6.508264462809917
1125,ECOMMERCE,1211,54582.521,23885.77,2.458528473203004
1151,ECOMMERCE,2682,362078.675,89297.39,4.722888017035994
1223,ECOMMERCE,155,34855.96,7092.12,5.285834785156097
1227,ECOMMERCE,25,2175.0,301.91,11.536873523293137
1228,ECOMMERCE,73,5038.2,420.59000000000003,10.816427622324383
1384,ECOMMERCE,50,824.0,220.46,4.678598749912876
1445,ECOMMERCE,31,13146.0,2478.04,14.11705571766932
1505,ECOMMERCE,72,2727.0,543.5600000000001,5.855894811278351
1573,ECOMMERCE,43,23533.0,4919.82,4.037803803227728
1594,ECOMMERCE,41,13645.0,1579.16,9.385885641527102
1612,ECOMMERCE,19,60008.0,6538.98,9.299826074829445
1643,ECOMMERCE,47,57083.7,4543.35,16.941686211163727
1730,ECOMMERCE,17,10758.0,2240.85,8.150725410602146
1762,ECOMMERCE,4,207.0,33.269999999999996,5.90376316181622
1766,ECOMMERCE,16,1437.0,301.43,4.335473977674016
1791,ECOMMERCE,22,1473.0,221.27,6.849498147168532
1856,ECOMMERCE,6,2313.0,847.6,3.981830885742974
1936,ECOMMERCE,18,4802.0,451.17,11.828299274911869
1982,ECOMMERCE,35,6241.0,3064.87,2.188911483525466
1993,ECOMMERCE,3,204.0,14.65,13.560312569670762
1995,ECOMMERCE,1,26.0,3.69,7.046070460704607
2022,ECOMMERCE,40,2472.0,245.16,10.226463481232564
2028,ECOMMERCE,4,1743.0,452.09000000000003,4.628561350082343
2105,ECOMMERCE,104,20164.0,1932.14,10.786544014152469
2124,ECOMMERCE,2,182.0,44.06,4.1307308216069
2140,ECOMMERCE,3,231.0,27.67,8.07770996964628
2161,ECOMMERCE,4,345.0,94.34,3.433253854937001
2170,ECOMMERCE,2,243.0,52.73,4.596280066380051
2206,ECOMMERCE,29,1824.0,172.87,10.53070012514744
2232,ECOMMERCE,4,503.0,29.1,15.164967494195428
2312,ECOMMERCE,1,6.0,0.85,7.0588235294117645
2328,ECOMMERCE,8,2363.0,519.91,4.571709930145938
2380,ECOMMERCE,1,31.0,7.26,4.2699724517906334
2384,ECOMMERCE,2,330.0,9.95,25.568593365203533
1145,ELECTRONICS,18,916.0,97.36,10.325005783405015
1147,ELECTRONICS,190,62045.0,13694.97,7.465576609696664
1154,ELECTRONICS,25,615.1,86.25,7.851813342376858
1236,ELECTRONICS,41,7356.08,1435.85,5.062997456100175
1239,ELECTRONICS,79,69492.0,4701.95,16.002381977306666
1242,ELECTRONICS,17,9384.0,540.66,37.102657056944516
1248,ELECTRONICS,111,27121.8,6394.650000000001,10.281424740686358
1258,ELECTRONICS,64,2182.0,375.1,5.815775549632461
1261,ELECTRONICS,22,6747.0,1322.79,12.199418835784957
1265,ELECTRONICS,168,54439.0,7045.64,8.095925068949047
1268,ELECTRONICS,10,1786.0,239.2,8.549442062318608
1271,ELECTRONICS,81,22955.0,4655.24,6.302647549190364
1280,ELECTRONICS,137,14980.48,3531.67,6.674660326241813
1286,ELECTRONICS,28,20570.0,3705.7,6.429158434517157
1292,ELECTRONICS,141,17359.0,1243.06,11.494453828202863
1316,ELECTRONICS,65,13056.0,3175.33,16.046436955428153
1319,ELECTRONICS,224,32920.0,5224.92,10.41423175316395
1322,ELECTRONICS,81,8574.0,1206.07,12.755367549063342
1327,ELECTRONICS,272,56441.7,12266.53,8.589508498175364
1331,ELECTRONICS,172,33487.3,5242.45,8.301312623345222
1337,ELECTRONICS,69,6070.1,496.15,13.533634471396903
1393,ELECTRONICS,91,5601.16,1231.2,5.921685512423091
1401,ELECTRONICS,18,1323.0,194.78,7.455693303595368
1405,ELECTRONICS,27,1499.0,414.99,5.560157385146643
1408,ELECTRONICS,160,6721.0599999999995,1656.25,5.8072679470337
1409,ELECTRONICS,25,3427.0,481.68,7.8931893580545704
1413,ELECTRONICS,23,3838.0,493.5,8.570232160640163
1428,ELECTRONICS,37,1668.0,465.15,4.08637785078686
1432,ELECTRONICS,63,4391.77,770.48,6.477147745093552
1456,ELECTRONICS,9,188.0,35.94,6.258511813504891
1507,ELECTRONICS,40,1390.0,112.45,14.954920749887435
1508,ELECTRONICS,23,1974.0,333.57,6.966909974276423
1515,ELECTRONICS,72,12834.0,2198.41,9.775362987874303
1518,ELECTRONICS,8,491.0,61.76,7.302140894631126
1521,ELECTRONICS,38,7110.0,908.96,8.543754077807355
1533,ELECTRONICS,8,2044.0,754.02,2.7261025919455584
1534,ELECTRONICS,20,476.0,144.28,3.5415690513844154
1543,ELECTRONICS,1,19.44,6.61,2.940998487140696
1555,ELECTRONICS,12,1700.0,178.78,9.079290792387258
1564,ELECTRONICS,51,4970.44,374.16,17.17716304834474
1576,ELECTRONICS,75,5264.0,498.14,9.006597144917182
1578,ELECTRONICS,30,8882.8,1513.57,6.782200813342658
1588,ELECTRONICS,4,441.0,102.31,4.775796890745807
1590,ELECTRONICS,6,5393.0,625.5699999999999,8.579250871455185
1592,ELECTRONICS,4,450.62,69.17,6.902164721136283
1625,ELECTRONICS,81,7733.0,682.92,13.08338077948706
1627,ELECTRONICS,19,5299.0,792.27,6.800257427861077
1628,ELECTRONICS,41,1437.3,669.27,7.966849345825986
1631,ELECTRONICS,74,25795.45,6400.7300000000005,8.914001865949805
1656,ELECTRONICS,106,19762.0,7141.77,3.9484165802508935
1659,ELECTRONICS,2,1290.0,33.84,38.14513026752929
1662,ELECTRONICS,1,105.0,17.33,6.0588574725908835
1673,ELECTRONICS,8,468.0,84.9,5.344227345954937
1688,ELECTRONICS,25,3376.3,252.48,17.15823971331801
1701,ELECTRONICS,7,492.0,24.22,25.318190340886908
1704,ELECTRONICS,58,5609.0,1449.57,3.887859406399492
1706,ELECTRONICS,1,216.0,65.76,3.284671532846715
1716,ELECTRONICS,18,5891.0,368.38,26.95193195456146
1721,ELECTRONICS,4,1950.0,174.39,9.303173334209328
1727,ELECTRONICS,110,9464.0,1318.45,8.387493785557826
1733,ELECTRONICS,9,768.0,191.82999999999998,5.729870627163853
1744,ELECTRONICS,158,59864.823,11150.62,18.71121389565854
1763,ELECTRONICS,4,73.0,8.23,8.283730158730158
1765,ELECTRONICS,16,700.0,150.83,4.555837440388057
1786,ELECTRONICS,18,44365.0,1260.48,34.21838336398711
1799,ELECTRONICS,11,3311.0,648.17,6.333098503828796
1805,ELECTRONICS,10,3006.0,478.28,6.556691465389558
1818,ELECTRONICS,51,9273.0,304.0,25.698572183948713
1825,ELECTRONICS,38,2081.0,286.43,8.194031246551932
1835,ELECTRONICS,28,2485.5,149.01000000000002,14.086535784468623
1845,ELECTRONICS,8,1326.0,193.12,7.201882313723075
1863,ELECTRONICS,4,2035.0,382.1,4.833442591882616
1881,ELECTRONICS,18,2134.0,202.22,10.476661270509519
1883,ELECTRONICS,2,1400.0,90.77,16.26506559395566
1916,ELECTRONICS,63,9408.0,2267.17,5.883180755956313
1934,ELECTRONICS,3,800.0,48.94,18.780411156329425
1955,ELECTRONICS,24,4143.0,523.4,9.91769102633114
1960,ELECTRONICS,5,500.4,44.11,11.268014601775556
1974,ELECTRONICS,12,5806.0,157.48,40.37863519041215
2017,ELECTRONICS,13,1223.5,110.64,15.669514955610065
2024,ELECTRONICS,18,1317.0,108.35000000000001,18.12704602123778
2027,ELECTRONICS,5,3162.0,444.39,6.241769178597346
2034,ELECTRONICS,37,1490.5,387.55,4.067141955098818
2043,ELECTRONICS,6,2468.0,72.78,34.18325304858378
2057,ELECTRONICS,3,139.0,13.14,10.576615831517792
2059,ELECTRONICS,75,12836.5,924.47,14.598639744741561
2065,ELECTRONICS,3,1540.0,142.58,10.26030126940276
2066,ELECTRONICS,7,7935.0,1933.83,4.294550997013369
2067,ELECTRONICS,17,5570.0,351.67,15.838289631425967
2099,ELECTRONICS,19,629.0,160.25,3.5971195608185043
2107,ELECTRONICS,12,4760.0,516.9399999999999,10.881314546998517
2110,ELECTRONICS,2,65.0,2.18,44.29015007762636
2134,ELECTRONICS,12,3434.0,624.8199999999999,5.2473583561790145
2135,ELECTRONICS,13,1486.0,319.92,4.791342811340902
2136,ELECTRONICS,2,40.0,5.1,7.9074671297444805
2182,ELECTRONICS,2,264.0,83.33,3.1679746726252684
2205,ELECTRONICS,1,89.0,8.9,10.0
2217,ELECTRONICS,5,191.0,18.39,6.947524500061107
2223,ELECTRONICS,4,426.0,84.36,7.779486983426594
2229,ELECTRONICS,11,493.0,51.91,17.07951457615633
2238,ELECTRONICS,1,1170.0,69.91,16.73580317551137
2257,ELECTRONICS,2,40.0,3.9000000000000004,11.108262838588395
2262,ELECTRONICS,3,620.0,130.07999999999998,12.180307734076683
2268,ELECTRONICS,5,1575.0,90.62,37.59488912179472
2271,ELECTRONICS,19,848.0,198.48,12.049456675064215
2276,ELECTRONICS,8,2712.0,513.55,5.908791745704424
2304,ELECTRONICS,4,1667.0,140.36,11.672763111036824
2317,ELECTRONICS,1,50.0,4.63,10.799136069114471
2336,ELECTRONICS,1,30.0,5.44,5.514705882352941
2382,ELECTRONICS,1,59.0,7.61,7.752956636005256
2389,ELECTRONICS,3,100.0,24.299999999999997,3.9980531219580033
1190,FMCG,162,17424.5,3784.36,4.955255568184265
1246,FMCG,401,26681.56,3324.07,7.870614180687636
1253,FMCG,73,40815.856,4532.14,11.45193624192635
1262,FMCG,44,4326.0,578.03,8.476318559952075
1279,FMCG,16,10188.0,2314.52,4.407148369143029
1287,FMCG,31,4404.0,1187.45,3.981341261898066
1328,FMCG,85,28043.0,2330.9,11.842264199077352
1335,FMCG,18,15323.0,10740.93,2.5285257963168775
1354,FMCG,127,5516.0,619.47,6.773005401047008
1403,FMCG,103,68799.47,10145.14,11.248116735646347
1410,FMCG,179,83295.898,23110.170000000002,7.6569490613362365
1439,FMCG,251,38259.7,3913.33,14.74124928746059
1480,FMCG,61,10138.39,838.9200000000001,11.846353854017115
1512,FMCG,14,3700.0,1005.93,5.151919513355141
1526,FMCG,15,6702.0,574.13,15.97055226313338
1577,FMCG,2,180.0,58.269999999999996,3.1080746876247316
1586,FMCG,15,5003.0,621.95,10.173585659277945
1637,FMCG,26,4060.6000000000004,513.89,8.908563360291568
1677,FMCG,13,6393.0,406.27,12.681454308038278
1709,FMCG,26,26953.0,1690.91,15.883937799323283
1723,FMCG,6,3679.67,416.40000000000003,11.391502172178294
1771,FMCG,33,1863.64,1558.3899999999999,1.1615003916735094
1797,FMCG,11,3309.0,432.67,7.825754453273999
1816,FMCG,126,16068.0,1065.97,15.623193640680453
1832,FMCG,47,23688.0,6408.74,3.419091170541738
1850,FMCG,69,42538.2,4290.59,10.953124510196323
1891,FMCG,6,4856.0,249.19,25.448147417417985
1914,FMCG,36,2685.0,275.13,11.144235043087168
1929,FMCG,22,6160.0,755.78,8.503978797309488
1931,FMCG,7,1903.5,91.66,17.574622694130476
1987,FMCG,20,759.0,127.45,38.50862429206805
1992,FMCG,17,1156.852,120.84,9.489176935088787
2044,FMCG,4,321.4,35.93,8.819851765590544
2061,FMCG,20,3123.0,240.54999999999998,12.348365062855036
2073,FMCG,16,2412.8,162.99,16.070967056152824
2129,FMCG,76,10816.0,832.97,18.312987193290063
2204,FMCG,8,3953.0,1016.57,3.9577707287258015
2233,FMCG,11,2316.0,681.43,3.446076768792969
2237,FMCG,3,451.1,24.689999999999998,20.3400164384577
2297,FMCG,4,887.0,4.64,232.48505577493253
2301,FMCG,2,3480.0,805.55,4.3200283891420295
2302,FMCG,4,2795.92,359.59000000000003,8.244957073920247
2319,FMCG,1,300.0,8.33,36.014405762304925
2332,FMCG,1,247.0,70.58,3.4995749504108815
2350,FMCG,1,40.0,6.93,5.772005772005772
1118,INDUSTRIAL,9,594.0,413.03,2.920151418102354
1119,INDUSTRIAL,12,6131.32,1520.67,4.7388535040712165
1126,INDUSTRIAL,63,9995.0,2196.23,5.382798423271646
1129,INDUSTRIAL,8,1316.0,77.36,13.884062801577539
1132,INDUSTRIAL,109,73475.0,3100.37,30.134447631734208
1134,INDUSTRIAL,116,110875.4,7459.68,15.531970150982565
1149,INDUSTRIAL,63,18205.2,2274.14,11.43715842563593
1150,INDUSTRIAL,120,18389.7,2688.13,7.323058274061117
1153,INDUSTRIAL,668,202585.93,45879.18,7.2415534487212065
1155,INDUSTRIAL,66,8448.0,274.05,34.9808431751475
1158,INDUSTRIAL,95,37275.05,8839.74,6.839730519678335
1159,INDUSTRIAL,1782,116353.2,18879.31,8.196995140041253
1160,INDUSTRIAL,1496,72358.791,4010.7,17.553819232305628
1163,INDUSTRIAL,6,947.0,349.16999999999996,2.7591948183862645
1169,INDUSTRIAL,514,27500.85,3497.18,9.35579804933532
1172,INDUSTRIAL,97,20572.64,5903.37,4.060409519628593
1173,INDUSTRIAL,381,119079.0,12671.27,12.44564368167937
1175,INDUSTRIAL,74,31715.525,2301.11,18.664907276368474
1177,INDUSTRIAL,430,10069.14,1261.19,14.119944441133574
1179,INDUSTRIAL,96,19254.0,2718.22,11.252073525301029
1183,INDUSTRIAL,254,120533.939,7535.48,17.16424428648785
1187,INDUSTRIAL,91,4780.7,631.21,8.725657748714516
1188,INDUSTRIAL,19,363.0,94.7,3.824315854535058
1191,INDUSTRIAL,60,2370.0,462.51,6.455581315053924
1194,INDUSTRIAL,1028,127877.117,9868.83,13.051803665174276
1195,INDUSTRIAL,791,149488.0,4364.64,34.62445826623215
1202,INDUSTRIAL,10,516.8,147.41,7.526374027600788
1203,INDUSTRIAL,2,2700.0,160.67000000000002,25.457890816607527
1204,INDUSTRIAL,140,34831.075,2667.92,13.31868994222545
1206,INDUSTRIAL,405,64205.1,3881.84,17.814988121792297
1209,INDUSTRIAL,226,43690.8,7439.33,5.960223384058487
1214,INDUSTRIAL,291,39454.51,4927.63,9.188075711638993
1215,INDUSTRIAL,13,14993.0,876.8199999999999,16.64645543752364
1216,INDUSTRIAL,20,4204.0,277.89,23.710285299352527
1217,INDUSTRIAL,65,33295.8,5159.05,10.19570977532927
1218,INDUSTRIAL,22,4513.0,154.06,27.64517984473937
1219,INDUSTRIAL,21,4468.0,392.14,13.51327215302388
1220,INDUSTRIAL,201,25560.96,5008.88,8.196931307766139
1224,INDUSTRIAL,87,24260.0,4764.36,4.894516823728301
1234,INDUSTRIAL,72,11340.0,1951.43,8.90162957782603
1235,INDUSTRIAL,1391,206666.979,22448.89,10.443313770517683
1238,INDUSTRIAL,451,34337.98,5482.98,9.198968784313518
1240,INDUSTRIAL,123,26133.0,5220.39,6.095961933482232
1244,INDUSTRIAL,169,53399.3,5701.54,12.648232713733178
1245,INDUSTRIAL,30,2596.0,218.82,12.207199835544124
1247,INDUSTRIAL,15,18040.0,1098.28,15.837270021412433
1249,INDUSTRIAL,3,635.0,182.72,3.8501207431887554
1251,INDUSTRIAL,205,18479.76,4004.1,7.173404412085111
1252,INDUSTRIAL,47,2425.0,471.25,9.049052117442585
1257,INDUSTRIAL,22,6236.0,693.64,10.09800214044653
1263,INDUSTRIAL,55,13040.5,965.88,15.104149138724013
1269,INDUSTRIAL,1,84.0,1.27,66.14173228346456
1270,INDUSTRIAL,42,5975.280000000001,1025.81,11.307635150700527
1273,INDUSTRIAL,82,6516.7,574.23,29.872289724648326
1274,INDUSTRIAL,218,20342.5,1993.52,9.989748936239218
1275,INDUSTRIAL,30,4937.6,408.61,18.225207276628296
1277,INDUSTRIAL,11,1054.0,141.57,7.33092895943877
1278,INDUSTRIAL,595,40320.72,3218.11,12.9583921412246
1281,INDUSTRIAL,102,14068.0,2398.0,7.407149582998823
1282,INDUSTRIAL,81,3947.0,845.1,5.210451715161794
1284,INDUSTRIAL,227,37781.64,6426.64,12.994698159329968
1289,INDUSTRIAL,147,11094.62,944.14,13.82956471550976
1290,INDUSTRIAL,41,2465.93,357.23,11.912804856791064
1291,INDUSTRIAL,135,11961.8,1968.8,6.262895086988013
1293,INDUSTRIAL,366,91847.71,4945.7699999999995,26.822480029490777
1294,INDUSTRIAL,1179,182706.695,20010.3,11.500973385902432
1296,INDUSTRIAL,586,41930.2,6412.6,7.954755008755096
1297,INDUSTRIAL,206,63495.49,6062.83,9.412773664184261
1298,INDUSTRIAL,26,630.0,120.8,7.87093458406925
1299,INDUSTRIAL,64,16713.6,2241.13,7.456152845159049
1301,INDUSTRIAL,373,20337.017,6530.91,3.4571220475648463
1302,INDUSTRIAL,20,606.0,148.07,5.699659914456741
1303,INDUSTRIAL,275,32866.0,7396.85,7.122736201458424
1309,INDUSTRIAL,430,120434.2,19295.98,9.030085359216757
1311,INDUSTRIAL,30,2680.92,1230.03,4.985574454159708
1312,INDUSTRIAL,361,134441.0,6517.9,22.97234344130268
1313,INDUSTRIAL,8,690.0,64.38,12.507034529015336
1314,INDUSTRIAL,10,15025.0,666.4300000000001,51.92283401737636
1317,INDUSTRIAL,8,485.0,68.27,13.560328762200752
1320,INDUSTRIAL,446,96243.84,5069.64,18.55405047388929
1321,INDUSTRIAL,9,1020.0,154.69,9.128542780239504
1324,INDUSTRIAL,264,63402.38,9690.75,7.689427700385369
1332,INDUSTRIAL,5,1141.0,304.16,4.87352557072953
1334,INDUSTRIAL,110,19386.0,5286.5599999999995,7.362567406550944
1338,INDUSTRIAL,64,12265.5,2019.34,10.653062127462498
1339,INDUSTRIAL,164,10925.0,4016.11,4.460295623209749
1342,INDUSTRIAL,333,43599.0,832.0,57.29623568548854
1343,INDUSTRIAL,17,6869.0,569.29,11.753174845709971
1344,INDUSTRIAL,47,6889.0,539.17,13.725858226478362
1346,INDUSTRIAL,9,1739.0,454.23,4.240507682295137
1347,INDUSTRIAL,22,35307.04,945.26,38.25898581844472
1351,INDUSTRIAL,300,28044.03,6078.56,6.251085156688478
1352,INDUSTRIAL,150,12825.727,3132.39,3.9069848420940754
1353,INDUSTRIAL,184,3660.39,1198.03,11.182682749163853
1355,INDUSTRIAL,41,5654.9,578.91,9.697301608415124
1357,INDUSTRIAL,43,9554.0,489.19,29.76464321659716
1358,INDUSTRIAL,103,8485.855,1043.06,12.132518742599856
1359,INDUSTRIAL,235,37858.75,6293.54,5.786891181403676
1360,INDUSTRIAL,82,10702.4,1167.17,11.56216972098291
1362,INDUSTRIAL,871,51840.704,5767.07,15.030114645696335
1365,INDUSTRIAL,147,21072.0,5800.16,3.999520864991552
1367,INDUSTRIAL,87,29444.0,4081.22,12.530009636863815
1368,INDUSTRIAL,25,7358.4,996.9200000000001,19.351398526066756
1369,INDUSTRIAL,56,25326.0,1799.09,45.0546081308977
1371,INDUSTRIAL,7,670.0,70.83,10.808031948176353
1372,INDUSTRIAL,295,12050.6,396.73,28.536192993609117
1373,INDUSTRIAL,8,2550.0,116.97,22.08651196562262
1374,INDUSTRIAL,49,24696.06,3506.77,14.371335487505384
1375,INDUSTRIAL,146,21143.5,2843.63,9.75661836575
1380,INDUSTRIAL,30,1840.0,409.32,9.302117227491568
1381,INDUSTRIAL,13,975.74,87.4,18.871842796853308
1386,INDUSTRIAL,59,8427.0,1554.97,5.967781081742589
1387,INDUSTRIAL,238,9020.0,694.12,12.778403237286472
1388,INDUSTRIAL,472,63972.6,5995.73,14.750519844577154
1390,INDUSTRIAL,60,18716.98,1389.82,25.557374115685878
1391,INDUSTRIAL,13,3772.0,430.19000000000005,9.744463065032674
1395,INDUSTRIAL,9,3684.0,1631.52,4.600337734305664
1402,INDUSTRIAL,475,43871.4,11668.66,4.597030548123987
1406,INDUSTRIAL,8,760.6,68.16,17.285855119858574
1407,INDUSTRIAL,33,38440.5,3044.21,17.953561216529454
1411,INDUSTRIAL,47,5584.0,1242.87,4.74819993759915
1412,INDUSTRIAL,57,1480.0,145.19,15.975401548427277
1414,INDUSTRIAL,34,14997.0,3290.89,5.127881424922172
1419,INDUSTRIAL,135,10404.0,2535.71,5.882353886864275
1421,INDUSTRIAL,7,4370.0,191.95000000000002,42.56340814201808
1423,INDUSTRIAL,16,1894.0,305.84,10.61609283790109
1424,INDUSTRIAL,27,5460.0,552.03,10.131457191235608
1426,INDUSTRIAL,12,4375.82,343.87,17.279308964186644
1429,INDUSTRIAL,23,15418.0,1492.54,11.79009531260796
1431,INDUSTRIAL,4,197.0,23.25,8.279569892473118
1433,INDUSTRIAL,33,7166.0,1469.54,5.295223434401782
1435,INDUSTRIAL,14,4908.0,1179.93,8.842069726506436
1436,INDUSTRIAL,9,256.0,56.71,5.111802516725526
1441,INDUSTRIAL,4,3636.0,319.31,12.282854824269377
1444,INDUSTRIAL,249,61812.0,6591.85,12.741510704059712
1446,INDUSTRIAL,62,7516.44,1151.89,13.089714494820198
1447,INDUSTRIAL,6,612.0,21.13,49.697790694107816
1451,INDUSTRIAL,28,673.0,91.58,12.327217233344458
1455,INDUSTRIAL,146,21460.0,2857.12,8.671218136630213
1457,INDUSTRIAL,79,5871.0,1360.0,8.134929576220243
1458,INDUSTRIAL,69,2533.0,254.57,13.96868171500451
1459,INDUSTRIAL,18,7561.0,294.82,80.96312821213698
1469,INDUSTRIAL,85,20844.0,3464.56,7.475307974640921
1470,INDUSTRIAL,11,2911.8,133.48,17.623308861695573
1471,INDUSTRIAL,21,1696.0,160.05,16.002134623114433
1472,INDUSTRIAL,12,1271.0,228.56,6.5210600299369625
1475,INDUSTRIAL,100,11068.0,1899.17,7.620403892470495
1476,INDUSTRIAL,10,437.21999999999997,54.44,9.857918083289496
1481,INDUSTRIAL,121,25355.0,2237.2,16.215761697270167
1482,INDUSTRIAL,50,489.14,51.4,19.606798596445994
1486,INDUSTRIAL,218,43834.4,10703.22,4.090924761670982
1490,INDUSTRIAL,362,40883.0,7605.04,16.193202974534486
1491,INDUSTRIAL,145,3935.0,382.71,12.776734721268904
1493,INDUSTRIAL,28,932.0,133.94,13.688410084541756
1497,INDUSTRIAL,2,200.0,87.38,3.157837187687934
1499,INDUSTRIAL,23,16310.0,4341.66,6.956316039065279
1500,INDUSTRIAL,13,14453.0,535.54,67.70148466884683
1511,INDUSTRIAL,104,8183.0,1381.21,5.735214567878458
1513,INDUSTRIAL,22,1132.0,155.12,9.341746608496903
1516,INDUSTRIAL,9,2536.0,131.46,18.39825854834883
1520,INDUSTRIAL,139,90179.08,13561.11,6.398797533982118
1529,INDUSTRIAL,33,20640.0,136.85,1175.1238384810604
1535,INDUSTRIAL,153,17091.97,2516.44,7.770002190250235
1536,INDUSTRIAL,3,51.0,6.54,7.718222225869863
1537,INDUSTRIAL,4,1300.0,162.3,9.904412122083118
1539,INDUSTRIAL,4,593.0,115.33000000000001,5.359378538193391
1540,INDUSTRIAL,9,239.0,30.96,10.230267960333055
1541,INDUSTRIAL,5,1181.56,281.32,4.551451847879074
1544,INDUSTRIAL,11,5089.0,412.34000000000003,11.974911811780975
1545,INDUSTRIAL,19,1434.2,287.28,8.104059588520665
1546,INDUSTRIAL,28,7385.0,444.35,17.74209607156354
1549,INDUSTRIAL,42,2707.0,552.73,5.849238415318976
1552,INDUSTRIAL,28,10351.2,2384.7200000000003,5.424207080449459
1554,INDUSTRIAL,16,6004.0,339.85,18.83821049018771
1561,INDUSTRIAL,40,89298.0,2316.23,42.52881497542703
1562,INDUSTRIAL,42,4912.0,2179.52,4.2537828027769775
1565,INDUSTRIAL,4,147.0,31.25,5.0053487433085015
1581,INDUSTRIAL,272,9507.0,1958.1599999999999,4.904034602051194
1583,INDUSTRIAL,193,25153.5,2781.2,8.270541551764163
1584,INDUSTRIAL,80,9111.0,1407.82,6.77308056671742
1585,INDUSTRIAL,42,10221.039999999999,1523.56,7.12917135161981
1596,INDUSTRIAL,16,17177.0,554.02,23.60883381029349
1599,INDUSTRIAL,64,3587.82,759.25,7.53435181249167
1602,INDUSTRIAL,65,2277.0,167.71,18.038714140971646
1603,INDUSTRIAL,9,417.0,24.439999999999998,16.44453088505202
1610,INDUSTRIAL,53,1468.44,237.4,10.043247519370928
1614,INDUSTRIAL,110,3846.0,368.52,15.860689774022363
1615,INDUSTRIAL,39,4396.4,601.64,13.03655551716773
1624,INDUSTRIAL,9,586.0,82.32,15.614961503196476
1630,INDUSTRIAL,89,11764.88,1766.75,11.132343262587225
1632,INDUSTRIAL,44,12506.8,4330.9,3.035241589929109
1649,INDUSTRIAL,74,42514.5,3488.2400000000002,12.63757470070056
1652,INDUSTRIAL,9,34080.0,3603.6,18.586286412441922
1661,INDUSTRIAL,9,3326.62,577.91,6.387520365404061
1664,INDUSTRIAL,15,11374.0,1498.79,9.69058314939108
1665,INDUSTRIAL,21,3258.0,757.16,4.681953438596988
1668,INDUSTRIAL,160,2504.54,668.66,3.293993093791831
1670,INDUSTRIAL,3,1614.0,61.5,29.012187197895372
1674,INDUSTRIAL,1,85.0,11.27,7.542147293700089
1682,INDUSTRIAL,5,8668.0,350.88,24.678387854160956
1684,INDUSTRIAL,9,1516.0,251.84,6.907639806808202
1685,INDUSTRIAL,5,1294.0,331.53,6.900607149494997
1691,INDUSTRIAL,46,14632.2,1555.84,9.619364042599823
1698,INDUSTRIAL,112,21150.335,5665.18,4.973909595446922
1699,INDUSTRIAL,3,195.4,13.38,18.402755215177418
1705,INDUSTRIAL,22,18640.0,1113.08,16.346444335319745
1708,INDUSTRIAL,42,19098.0,6141.99,3.472843938540441
1710,INDUSTRIAL,60,26534.54,4273.88,10.055993048804135
1711,INDUSTRIAL,39,3604.5,780.7,11.899612033151694
1712,INDUSTRIAL,33,12212.0,571.99,53.460681645222955
1713,INDUSTRIAL,43,9569.6,283.46999999999997,31.48496483471698
1714,INDUSTRIAL,115,7391.0,1556.42,6.372023243184062
1717,INDUSTRIAL,13,11050.0,301.93,36.58003904349339
1718,INDUSTRIAL,3,1233.5,46.62,29.803005277942873
1720,INDUSTRIAL,174,9377.15,1001.71,8.9411211390039
1724,INDUSTRIAL,19,20433.0,2753.05,7.466520556900419
1725,INDUSTRIAL,89,10352.32,1382.58,6.5434607189893095
1726,INDUSTRIAL,4,9580.0,542.51,16.673263702682483
1737,INDUSTRIAL,1,680.0,237.47,2.863519602476102
1740,INDUSTRIAL,96,9095.0,1168.3,9.596416886859066
1743,INDUSTRIAL,187,9509.0,2125.07,5.511363055585541
1746,INDUSTRIAL,19,5426.64,611.9300000000001,9.005846943993566
1748,INDUSTRIAL,81,12370.0,4194.41,2.9536201315372326
1749,INDUSTRIAL,39,10750.0,1163.3899999999999,12.922520134845646
1755,INDUSTRIAL,24,28201.0,1245.86,41.80486156331457
1756,INDUSTRIAL,32,15978.98,4220.19,8.72098747596003
1757,INDUSTRIAL,28,13226.0,383.07,49.59400541625511
1772,INDUSTRIAL,19,7075.0,221.55,35.66880720562965
1776,INDUSTRIAL,26,4483.4,539.11,9.428774154280578
1778,INDUSTRIAL,343,47066.0,3607.44,20.537096533674937
1779,INDUSTRIAL,12,1600.0,122.51,18.72017215550029
1782,INDUSTRIAL,3,233.0,10.92,17.787677507912765
1785,INDUSTRIAL,14,3395.9700000000003,156.3,22.74103981865306
1788,INDUSTRIAL,4,421.0,63.4,5.564965204691475
1789,INDUSTRIAL,33,3478.0,358.44,10.45575758990506
1790,INDUSTRIAL,15,16086.0,562.9399999999999,32.72305899258253
1796,INDUSTRIAL,5,342.0,15.75,27.683331084805182
1809,INDUSTRIAL,3,4677.0,1368.1,3.3666764202355304
1812,INDUSTRIAL,26,3662.4,276.42999999999995,27.68462093765571
1815,INDUSTRIAL,10,3285.0,547.0699999999999,6.4043034163610075
1819,INDUSTRIAL,12,5217.0,395.06,21.700700687745424
1820,INDUSTRIAL,27,1279.0,62.18,43.754004796250584
1822,INDUSTRIAL,44,646.8,164.29000000000002,19.946518774412596
1828,INDUSTRIAL,6,1198.0,44.99,44.97632408706818
1829,INDUSTRIAL,70,4723.0,882.3,6.431417760196178
1831,INDUSTRIAL,43,1214.5,92.32,14.708615227830716
1834,INDUSTRIAL,19,16550.0,1943.93,8.322455441314698
1836,INDUSTRIAL,7,634.0,21.82,22.670301388487456
1843,INDUSTRIAL,29,1079.0,196.42000000000002,14.025137577678601
1844,INDUSTRIAL,2,119.0,13.68,8.223684210526317
1846,INDUSTRIAL,7,1236.5,64.88,17.14945790859872
1847,INDUSTRIAL,11,546.0,148.5,5.24894577314178
1853,INDUSTRIAL,19,2131.0,198.13,15.892068898432019
1854,INDUSTRIAL,84,3942.0,312.7,15.965200560830878
1859,INDUSTRIAL,19,11150.15,1130.62,9.705228383131162
1861,INDUSTRIAL,5,5953.0,839.5999999999999,7.5141223011419696
1865,INDUSTRIAL,9,25880.0,3076.99,8.581583610504637
1866,INDUSTRIAL,20,2236.1,302.01,13.564622212361371
1867,INDUSTRIAL,13,454.0,41.36,12.478127325533746
1876,INDUSTRIAL,20,2518.0,265.33,11.658324010395983
1877,INDUSTRIAL,16,1065.0,156.42000000000002,8.90110712859339
1878,INDUSTRIAL,5,716.0,144.81,5.066853022011462
1882,INDUSTRIAL,7,1872.4,497.7,3.9114612875271
1890,INDUSTRIAL,11,280.0,18.080000000000002,16.705974994274897
1893,INDUSTRIAL,4,6005.0,86.03,101.66056739340351
1894,INDUSTRIAL,12,3267.0,363.79,148.65662774637886
1895,INDUSTRIAL,40,8243.0,1368.96,15.224864781484845
1896,INDUSTRIAL,15,7636.0,378.57,19.52030335220386
1897,INDUSTRIAL,9,4138.0,184.6,24.274601063155018
1901,INDUSTRIAL,30,40595.7,2179.53,18.60355884340172
1903,INDUSTRIAL,2,640.0,98.86000000000001,7.293375466994663
1904,INDUSTRIAL,1,30.0,10.56,2.840909090909091
1907,INDUSTRIAL,22,8575.0,915.38,9.896651678664835
1908,INDUSTRIAL,7,257.0,48.010000000000005,8.091407569845662
1910,INDUSTRIAL,66,7931.6,1255.67,15.893469064907164
1917,INDUSTRIAL,6,195.0,21.05,9.472264186421933
1918,INDUSTRIAL,12,6762.0,824.99,11.611041216055426
1923,INDUSTRIAL,152,38182.0,3013.59,14.560253523872207
1924,INDUSTRIAL,4,1335.36,93.12,16.338919292662307
1925,INDUSTRIAL,16,8893.0,2277.1,16.84032911116305
1928,INDUSTRIAL,1,2050.0,177.36,11.558412268831754
1932,INDUSTRIAL,25,10359.0,5297.68,2.0187817585514782
1935,INDUSTRIAL,2,141.0,13.58,22.558518518518518
1945,INDUSTRIAL,7,1800.8,168.44,20.038291017241384
1948,INDUSTRIAL,41,31021.0,1624.01,21.896696464185275
1951,INDUSTRIAL,3,836.0,108.25,70.42499684936375
1953,INDUSTRIAL,5,4180.0,263.86,17.387383139875574
1954,INDUSTRIAL,5,10267.0,1185.25,8.310857382212555
1956,INDUSTRIAL,2,1550.0,66.95,28.094225737239384
1957,INDUSTRIAL,120,26462.0,1780.56,16.932624334528168
1961,INDUSTRIAL,101,22559.8,3011.7799999999997,5.695209275440468
1962,INDUSTRIAL,110,23418.26,4607.2699999999995,5.610500831772521
1969,INDUSTRIAL,15,1276.75,275.14,5.525912452979244
1970,INDUSTRIAL,45,9651.0,2311.86,4.87998436639735
1975,INDUSTRIAL,76,7034.4,1512.3,5.350676982512772
1979,INDUSTRIAL,3,221.0,53.8,5.170555480460755
1980,INDUSTRIAL,2,140.0,42.2,3.26500932345551
1981,INDUSTRIAL,37,19110.0,486.8,45.6529609937936
1988,INDUSTRIAL,3,1200.0,93.7,12.931194382945307
1994,INDUSTRIAL,19,131.77,39.57,3.477681141775841
2000,INDUSTRIAL,76,44460.0,6616.57,6.8609508976979825
2002,INDUSTRIAL,15,12372.0,402.08,24.579608858153563
2005,INDUSTRIAL,1,300.0,10.22,29.354207436399214
2006,INDUSTRIAL,86,21632.0,2695.27,10.425723363410613
2007,INDUSTRIAL,38,8436.214,656.93,11.133789384806581
2008,INDUSTRIAL,15,1230.0,94.4,17.218863678315536
2009,INDUSTRIAL,34,43066.0,2021.8400000000001,23.620037569634817
2013,INDUSTRIAL,3,3856.0,306.0,12.696423908423128
2016,INDUSTRIAL,1,1600.0,82.12,19.48368241597662
2019,INDUSTRIAL,93,47603.0,4262.61,22.065068785666337
2020,INDUSTRIAL,5,452.0,29.810000000000002,13.667116072131503
2021,INDUSTRIAL,8,504.0,43.34,8.862182906368671
2029,INDUSTRIAL,12,2824.0,352.63,6.984048479569751
2048,INDUSTRIAL,53,2905.0,253.57,13.817138343252996
2050,INDUSTRIAL,7,269.0,60.37,5.14750970128042
2052,INDUSTRIAL,6,1983.0,183.85999999999999,22.104756216114115
2054,INDUSTRIAL,23,14745.0,2559.62,6.013870753219029
2056,INDUSTRIAL,38,2862.72,263.05,10.881900651097682
2058,INDUSTRIAL,6,1702.0,348.14,9.635107212695734
2062,INDUSTRIAL,15,20305.04,1149.35,17.98217285785199
2063,INDUSTRIAL,5,3204.0,200.70999999999998,19.46088840149617
2069,INDUSTRIAL,3,2900.0,193.32999999999998,15.001250312578145
2070,INDUSTRIAL,2,159.0,69.08,2.5288069115386653
2071,INDUSTRIAL,1,224.0,11.93,18.776194467728416
2076,INDUSTRIAL,22,5998.0,654.9399999999999,7.866204265706901
2080,INDUSTRIAL,2,198.0,42.0,5.857184397457733
2083,INDUSTRIAL,2,137.0,6.05,24.3801652892562
2084,INDUSTRIAL,18,570.0,59.58,17.324757570555306
2085,INDUSTRIAL,119,31634.202,4419.18,6.870752581049601
2089,INDUSTRIAL,91,3640.2,421.89,10.963286085698522
2093,INDUSTRIAL,103,136119.7,4391.39,32.1870248283876
2095,INDUSTRIAL,4,830.0,274.78,3.9556187836381103
2096,INDUSTRIAL,19,559.0,100.39999999999999,4.365467496804398
2098,INDUSTRIAL,22,11510.0,839.16,14.56823341905968
2101,INDUSTRIAL,1,323.0,16.8,19.226190476190474
2102,INDUSTRIAL,3,3120.0,171.44,17.887696375797166
2103,INDUSTRIAL,1,2095.0,128.58,16.29335822056307
2106,INDUSTRIAL,40,2851.0,316.82,9.328174399302283
2109,INDUSTRIAL,7,3089.0,128.79,25.078233147675984
2113,INDUSTRIAL,9,17687.0,3024.7799999999997,8.406129549510148
2115,INDUSTRIAL,7,442.0,84.37,6.8258059071054475
2120,INDUSTRIAL,1,581.0,4.5,129.11111111111111
2121,INDUSTRIAL,1,40.0,1.26,31.746031746031747
2122,INDUSTRIAL,1,17.0,5.0,3.4
2123,INDUSTRIAL,15,22313.0,991.24,22.819570040082038
2127,INDUSTRIAL,13,3850.0,494.54,9.02170632431763
2130,INDUSTRIAL,5,918.0,76.36999999999999,20.38281730890514
2132,INDUSTRIAL,105,24755.0,1899.02,15.099481609888965
2139,INDUSTRIAL,11,4266.2,237.11,17.848197481719453
2143,INDUSTRIAL,4,975.0,50.93,21.17968741465245
2149,INDUSTRIAL,3,1356.0,112.83,14.907357497410322
2151,INDUSTRIAL,26,1370.0,126.29,8.924406237362742
2158,INDUSTRIAL,7,2512.0,410.12,4.896185537966701
2159,INDUSTRIAL,2,1970.0,59.01,46.04474523542801
2160,INDUSTRIAL,15,1671.0,531.3100000000001,4.5945569242664694
2162,INDUSTRIAL,18,3098.0,340.54,9.66274788832419
2163,INDUSTRIAL,71,973.9,266.14,7.509716235172351
2173,INDUSTRIAL,14,20996.0,1242.22,15.96224659032723
2175,INDUSTRIAL,2,267.62,110.13,2.462406328707879
2176,INDUSTRIAL,1,119.0,19.92,5.973895582329317
2177,INDUSTRIAL,52,4489.0,648.34,7.8854117104190875
2178,INDUSTRIAL,2,3934.0,573.3,6.812361415724396
2180,INDUSTRIAL,1,501.0,129.37,3.8726134343356264
2185,INDUSTRIAL,8,470.0,49.86,44.07759804485719
2186,INDUSTRIAL,10,400.0,237.14,1.7631606051205324
2191,INDUSTRIAL,2,1439.2,138.57,49.84000718042795
2195,INDUSTRIAL,2,1695.0,162.99,9.683038575667656
2201,INDUSTRIAL,7,311.4,44.53,7.20352980521374
2202,INDUSTRIAL,36,5381.0,542.85,11.811193883045158
2210,INDUSTRIAL,34,14086.0,1863.35,8.295652599300736
2214,INDUSTRIAL,2,1025.6599999999999,37.32,29.43947450387114
2215,INDUSTRIAL,15,30400.0,1780.9,17.120748048737358
2221,INDUSTRIAL,5,718.6,27.67,29.954177648941094
2222,INDUSTRIAL,20,13556.0,331.2,38.71354287072095
2224,INDUSTRIAL,2,600.0,137.70999999999998,3.84068727667472
2228,INDUSTRIAL,11,6257.0,278.26,25.0114412852668
2231,INDUSTRIAL,3,658.0,121.18,5.396977638270513
2235,INDUSTRIAL,1,123.0,70.58,1.7427033153867952
2240,INDUSTRIAL,6,356.4,20.71,17.298007124006993
2243,INDUSTRIAL,2,1999.0,196.07,5.788603161178621
2245,INDUSTRIAL,3,704.0,144.26,5.284182664578175
2247,INDUSTRIAL,3,615.0,119.84,4.945762086880331
2249,INDUSTRIAL,3,272.0,55.22,5.411276712499332
2251,INDUSTRIAL,7,2036.0,262.31,8.579261133285943
2261,INDUSTRIAL,6,1132.0,121.38999999999999,537.998864586464
2263,INDUSTRIAL,6,5150.0,317.95,18.02590636785442
2264,INDUSTRIAL,7,1437.3899999999999,38.07,40.929082570710285
2265,INDUSTRIAL,1,2000.0,149.5,13.377926421404682
2270,INDUSTRIAL,12,3902.4,337.29,15.261970776262253
2272,INDUSTRIAL,7,738.0,112.12,6.582417341262514
2273,INDUSTRIAL,1,2000.0,213.89,9.350600776099865
2278,INDUSTRIAL,2,206.0,27.08,7.609525092019032
2279,INDUSTRIAL,1,192.0,38.67,4.965089216446858
2280,INDUSTRIAL,42,9625.0,255.11,39.29124159627023
2281,INDUSTRIAL,4,390.0,60.07,7.841872890144216
2282,INDUSTRIAL,10,2053.0,331.62,7.993294861085341
2284,INDUSTRIAL,306,10155.0,953.08,12.338151213906357
2285,INDUSTRIAL,1,210.0,48.32,4.346026490066225
2286,INDUSTRIAL,2,202.0,22.7,8.564265780102307
2287,INDUSTRIAL,8,275.2,96.5,3.1569028323623085
2292,INDUSTRIAL,3,307.0,13.69,22.63557863796359
2293,INDUSTRIAL,4,2418.0,110.91,21.75704437178075
2295,INDUSTRIAL,11,5920.0,892.51,7.346347898855981
2298,INDUSTRIAL,1,56.0,17.5,3.2
2299,INDUSTRIAL,15,2512.0,470.29,4.978204518354906
2306,INDUSTRIAL,2,196.0,9.39,19.79856495912486
2309,INDUSTRIAL,25,2888.0,419.05,6.230534238956279
2313,INDUSTRIAL,2,25.0,1.69,16.615013774104685
2316,INDUSTRIAL,4,145.0,9.0,22.68697541289596
2321,INDUSTRIAL,10,464.0,68.77,6.993039340120975
2326,INDUSTRIAL,1,50.0,36.33,1.3762730525736306
2329,INDUSTRIAL,1,1050.0,351.56,2.9866879053362156
2333,INDUSTRIAL,8,643.0,168.81,3.2210912792587836
2334,INDUSTRIAL,1,13.0,2.44,5.327868852459017
2343,INDUSTRIAL,4,2690.0,130.96,31.528072607054344
2345,INDUSTRIAL,3,920.0,84.34,7.301549455391181
2349,INDUSTRIAL,13,4037.0,263.15999999999997,22.521569411610436
2352,INDUSTRIAL,7,689.0,71.5,20.358668610681896
2356,INDUSTRIAL,2,255.0,20.1,11.955971659919028
2357,INDUSTRIAL,1,260.0,58.84,4.418762746430999
2358,INDUSTRIAL,6,1546.0,154.93,9.169565495361356
2360,INDUSTRIAL,1,360.0,35.43,10.160880609652837
2373,INDUSTRIAL,1,69.0,6.92,9.971098265895954
2375,INDUSTRIAL,1,62.91,4.0,15.7275
2377,INDUSTRIAL,1,634.0,46.27,13.702182839853036
2378,INDUSTRIAL,1,175.0,25.52,6.8573667711598745
2381,INDUSTRIAL,1,15.0,0.88,17.045454545454547
2383,INDUSTRIAL,20,1092.0,276.4,10.890012129680425
2388,INDUSTRIAL,3,948.0,76.28,11.720097509769337
2392,INDUSTRIAL,1,825.0,102.08,8.081896551724139
2393,INDUSTRIAL,1,105.0,4.2,25.0
2394,INDUSTRIAL,3,150.0,3.6500000000000004,46.09434285574404
2396,INDUSTRIAL,1,522.1,27.71,18.841573439191627
2397,INDUSTRIAL,4,685.0,87.75,7.759767635640958
2398,INDUSTRIAL,1,22.0,1.12,19.642857142857142
2400,INDUSTRIAL,2,290.0,84.82,3.418998244619398
2402,INDUSTRIAL,3,124.0,22.59,5.601184203923931
2404,INDUSTRIAL,3,321.0,34.27,9.884331783530397
2406,INDUSTRIAL,1,73.0,35.85,2.03626220362622
2407,INDUSTRIAL,1,487.0,31.5,15.46031746031746
1116,MEDIA & PUBLICATIONS,781,129519.87,13675.42,10.337240295773714
1123,MEDIA & PUBLICATIONS,107,18710.0,967.1,20.940085924125682
1131,MEDIA & PUBLICATIONS,289,97447.39,5755.13,22.67977241333851
1168,MEDIA & PUBLICATIONS,194,82960.0,9820.79,8.304500774846304
1181,MEDIA & PUBLICATIONS,25,1674.0,191.51999999999998,9.454264732040908
1212,MEDIA & PUBLICATIONS,172,63455.2,6107.35,11.62854177942443
1221,MEDIA & PUBLICATIONS,214,6240.0,443.01,18.095664835175388
1300,MEDIA & PUBLICATIONS,91,55699.9,3765.44,14.602036515210145
1304,MEDIA & PUBLICATIONS,389,26024.0,2381.07,22.787477352682007
1348,MEDIA & PUBLICATIONS,160,69584.0,4905.900000000001,19.22644572574607
1399,MEDIA & PUBLICATIONS,215,57353.2,6289.5,14.090069224572707
1416,MEDIA & PUBLICATIONS,64,8517.2,1475.05,9.647217905764455
1434,MEDIA & PUBLICATIONS,7,123.0,22.02,7.224874610243424
1438,MEDIA & PUBLICATIONS,68,6763.0,306.19,148.2810697374582
1484,MEDIA & PUBLICATIONS,73,11772.0,560.8,20.749145481571517
1487,MEDIA & PUBLICATIONS,310,17094.13,2884.38,5.808420067939131
1489,MEDIA & PUBLICATIONS,17,2931.0,327.55,14.792140628550207
1506,MEDIA & PUBLICATIONS,7,4575.0,1559.89,3.087991278110628
1542,MEDIA & PUBLICATIONS,19,3427.0,699.24,9.704788470224651
1566,MEDIA & PUBLICATIONS,31,3178.0,287.81,13.311873804667513
1567,MEDIA & PUBLICATIONS,29,1519.0,89.45,17.325899723863277
1580,MEDIA & PUBLICATIONS,49,52985.76,2908.3,17.00916455287079
1582,MEDIA & PUBLICATIONS,42,9402.98,1248.49,8.279130867702099
1589,MEDIA & PUBLICATIONS,30,5208.0,329.53999999999996,18.930651398084315
1609,MEDIA & PUBLICATIONS,93,28166.9,1568.98,17.116966269814796
1613,MEDIA & PUBLICATIONS,29,2186.0,176.54,11.882458166859804
1635,MEDIA & PUBLICATIONS,22,4847.4,281.0,17.191931880010046
1640,MEDIA & PUBLICATIONS,222,8701.0,852.75,8.58057528983795
1658,MEDIA & PUBLICATIONS,25,16825.0,1678.53,10.406939646875642
1676,MEDIA & PUBLICATIONS,124,3364.0,235.66,16.03458620874662
1715,MEDIA & PUBLICATIONS,21,661.79,78.64,11.31070642056866
1760,MEDIA & PUBLICATIONS,47,6543.0,951.7,9.707246625868638
1814,MEDIA & PUBLICATIONS,40,385.93,47.2,9.103564909999479
1840,MEDIA & PUBLICATIONS,7,1346.0,130.13,9.451292026250092
1926,MEDIA & PUBLICATIONS,24,10084.4,707.37,13.895511265311505
1930,MEDIA & PUBLICATIONS,17,973.0,125.64,10.757406033979615
2031,MEDIA & PUBLICATIONS,2,196.0,12.98,15.10015408320493
2086,MEDIA & PUBLICATIONS,5,84.0,17.799999999999997,5.2014920384761245
2126,MEDIA & PUBLICATIONS,5,1221.0,62.19,21.010338263761287
2200,MEDIA & PUBLICATIONS,1,20.0,0.53,37.73584905660377
2256,MEDIA & PUBLICATIONS,2,601.0,38.66,17.700812709933977
2311,MEDIA & PUBLICATIONS,2,24.0,1.66,14.457831325301205
2355,MEDIA & PUBLICATIONS,3,424.0,24.669999999999998,15.494931101194377
2367,MEDIA & PUBLICATIONS,1,275.0,14.0,19.642857142857142
2391,MEDIA & PUBLICATIONS,1,210.0,20.17,10.411502231036192
1130,NON-ECOMMERCE,725,128110.505,26355.8,7.284285032838579
1135,NON-ECOMMERCE,699,12065.512,1802.49,18.23446763011554
1136,NON-ECOMMERCE,11,2311.0,392.18,5.792417293949867
1138,NON-ECOMMERCE,16,1171.0,70.8,16.63594641774893
1139,NON-ECOMMERCE,28,3507.0,214.27,16.473724979798682
1140,NON-ECOMMERCE,26,2795.0,149.35,18.808445688167257
1146,NON-ECOMMERCE,160,7941.22,1522.04,7.958758103128117
1148,NON-ECOMMERCE,20,3931.6,733.95,20.918865115607524
1157,NON-ECOMMERCE,74,29885.0,4125.54,29.11564891485159
1162,NON-ECOMMERCE,66,29675.0,2174.91,14.466621488586382
1184,NON-ECOMMERCE,44,2037.0,320.73,7.827430883709445
1189,NON-ECOMMERCE,153,20848.12,1761.31,12.491889496861969
1197,NON-ECOMMERCE,6,327.0,53.32,6.519954581661195
1199,NON-ECOMMERCE,381,150795.0,32216.78,5.183914315640828
1201,NON-ECOMMERCE,256,61674.0,8143.91,15.66867131797152
1208,NON-ECOMMERCE,47,4207.0,1038.77,3.9374456014216754
1226,NON-ECOMMERCE,62,4150.47,772.45,9.789279063072035
1230,NON-ECOMMERCE,183,25211.6,2514.9700000000003,11.009179853136672
1231,NON-ECOMMERCE,6,1585.0,81.11,24.505602082593796
1237,NON-ECOMMERCE,35,12549.54,1612.49,7.697333780393408
1254,NON-ECOMMERCE,8,6048.0,1258.96,5.799316504281991
1256,NON-ECOMMERCE,2,1.75,0.63,10.64655172413793
1259,NON-ECOMMERCE,131,64730.0,3515.15,20.418435046914805
1264,NON-ECOMMERCE,6,3876.0,769.06,5.214145602442568
1266,NON-ECOMMERCE,64,11205.0,2495.68,5.340574813484996
1285,NON-ECOMMERCE,38,7732.0,706.77,12.862116494639219
1288,NON-ECOMMERCE,10,64.0,10.26,7.419458540530933
1325,NON-ECOMMERCE,160,14929.0,5043.92,3.123228473896119
1326,NON-ECOMMERCE,230,28195.72,6205.21,5.639527693664167
1329,NON-ECOMMERCE,148,37750.5,1834.86,28.884740550509253
1330,NON-ECOMMERCE,66,3606.0,781.41,6.1567123051003
1345,NON-ECOMMERCE,125,11527.0,2349.5,5.7105623086443
1349,NON-ECOMMERCE,25,24058.0,1662.36,14.333559579146232
1350,NON-ECOMMERCE,41,10413.7,1556.23,9.284120900382026
1377,NON-ECOMMERCE,26,2658.6,168.52,18.84590408010268
1385,NON-ECOMMERCE,186,18005.0,1718.26,10.707559064725674
1398,NON-ECOMMERCE,7,3036.0,449.78,6.7499941321220325
1400,NON-ECOMMERCE,96,7219.0,893.49,8.73150355614495
1415,NON-ECOMMERCE,23,6437.0,2431.61,3.6699350465760774
1418,NON-ECOMMERCE,26,11773.0,1405.02,9.148311858703194
1422,NON-ECOMMERCE,25,20610.8,2800.91,12.216644035602048
1425,NON-ECOMMERCE,93,50204.665,2552.78,18.727906892360842
1427,NON-ECOMMERCE,408,110814.75,5063.44,32.443936577971215
1430,NON-ECOMMERCE,39,2829.1,221.34,13.276861711843212
1437,NON-ECOMMERCE,25,2767.5,82.29,41.542851808133875
1442,NON-ECOMMERCE,143,9034.0,583.28,23.246791357807318
1443,NON-ECOMMERCE,201,26192.18,3809.9,8.694270568799086
1448,NON-ECOMMERCE,259,29053.0,1626.93,19.31904329544843
1454,NON-ECOMMERCE,3,99.0,20.560000000000002,3.887489620178831
1460,NON-ECOMMERCE,3,2966.0,634.99,6.512471655328799
1462,NON-ECOMMERCE,39,12589.0,840.47,18.414408332499317
1467,NON-ECOMMERCE,21,11682.94,569.29,26.343918870280838
1473,NON-ECOMMERCE,1,160.0,40.24,3.976143141153081
1477,NON-ECOMMERCE,8,7975.0,2151.72,4.315385977977531
1478,NON-ECOMMERCE,3,60.0,4.5,13.343799058084771
1479,NON-ECOMMERCE,22,958.0,194.39,13.709854553055733
1483,NON-ECOMMERCE,13,11654.0,2998.58,3.9108127696283637
1488,NON-ECOMMERCE,31,5252.0,503.64000000000004,14.17732206537285
1492,NON-ECOMMERCE,83,9965.0,1781.45,7.432148007011743
1496,NON-ECOMMERCE,42,2948.0,631.36,5.4319932395210095
1501,NON-ECOMMERCE,24,27890.0,1365.1,28.217015740435517
1502,NON-ECOMMERCE,39,8238.6,900.46,14.363465529131828
1509,NON-ECOMMERCE,13,2628.0,158.34,45.224183879290315
1510,NON-ECOMMERCE,23,454.0,59.43,6.853693919209952
1517,NON-ECOMMERCE,9,287.0,52.43,5.435813471852819
1522,NON-ECOMMERCE,365,14563.5,552.34,29.911633128977925
1528,NON-ECOMMERCE,15,323.0,50.8,6.6340159744006195
1530,NON-ECOMMERCE,53,5808.0,946.9,6.502214203798575
1532,NON-ECOMMERCE,2,112.0,10.040000000000001,11.130737774336389
1548,NON-ECOMMERCE,204,16787.0,2524.92,8.641517758869202
1553,NON-ECOMMERCE,4,100.0,3.9099999999999997,28.477737482610046
1556,NON-ECOMMERCE,3,332.0,22.55,14.52722292188398
1557,NON-ECOMMERCE,1,22.0,1.94,11.34020618556701
1560,NON-ECOMMERCE,168,3463.0,165.69,28.84460737837724
1569,NON-ECOMMERCE,21,6257.0,922.6,7.3708026854261295
1570,NON-ECOMMERCE,5,133.0,20.27,7.323163298078521
1572,NON-ECOMMERCE,20,1930.0,112.33,17.299525004474987
1579,NON-ECOMMERCE,56,2863.0,328.88,8.481998444518373
1587,NON-ECOMMERCE,22,10820.0,1102.04,14.15005941466345
1591,NON-ECOMMERCE,106,7843.0,652.9,13.67801424011872
1598,NON-ECOMMERCE,29,2010.945,392.63,5.655520717821577
1600,NON-ECOMMERCE,5,2314.0,148.54,21.056980853031085
1608,NON-ECOMMERCE,4,319.0,19.509999999999998,24.411878514636093
1611,NON-ECOMMERCE,23,2665.14,410.79,18.86602394696832
1618,NON-ECOMMERCE,1,43.0,2.33,18.454935622317596
1621,NON-ECOMMERCE,10,720.0,48.669999999999995,17.520373019040044
1623,NON-ECOMMERCE,12,8529.0,1421.86,6.006138108862699
1626,NON-ECOMMERCE,4,160.0,22.880000000000003,6.741896938328111
1629,NON-ECOMMERCE,13,2628.0,638.58,4.087644845834973
1633,NON-ECOMMERCE,30,2645.71,361.68,7.729600822211152
1638,NON-ECOMMERCE,27,14322.5,508.47,32.86644737886219
1644,NON-ECOMMERCE,2,319.0,18.5,16.86280137772675
1646,NON-ECOMMERCE,177,16586.0,12759.35,1.3112661115747313
1654,NON-ECOMMERCE,98,78709.95999999999,7108.57,14.983929317676052
1660,NON-ECOMMERCE,10,11770.0,496.55999999999995,22.99688257480073
1669,NON-ECOMMERCE,167,36163.0,4309.08,8.925115743897706
1671,NON-ECOMMERCE,21,10146.0,2169.2,4.6650870025840065
1679,NON-ECOMMERCE,2,150.0,30.599999999999998,6.560162978341173
1680,NON-ECOMMERCE,13,8436.0,565.84,15.852904830815946
1687,NON-ECOMMERCE,20,921.0,240.36,7.513069960229397
1693,NON-ECOMMERCE,12,3666.0,962.4200000000001,3.970170853794493
1696,NON-ECOMMERCE,1,121.0,19.1,6.335078534031413
1697,NON-ECOMMERCE,13,1096.0,131.23000000000002,10.914415407860817
1703,NON-ECOMMERCE,6,2935.2,326.1,9.571715177636326
1707,NON-ECOMMERCE,1,52.0,6.61,7.866868381240544
1719,NON-ECOMMERCE,50,5958.0,664.74,8.914810154547597
1729,NON-ECOMMERCE,20,1839.0,291.15999999999997,7.151932683263572
1731,NON-ECOMMERCE,31,1753.0,1004.56,1.6955310048988543
1732,NON-ECOMMERCE,7,1458.1,260.19,5.966925776577983
1736,NON-ECOMMERCE,18,1266.0,176.51,14.22617188606744
1741,NON-ECOMMERCE,35,3768.0,463.21999999999997,7.9553395404974445
1742,NON-ECOMMERCE,64,4647.0,387.53000000000003,14.642023395650172
1745,NON-ECOMMERCE,2,90.0,11.53,7.496750942824567
1750,NON-ECOMMERCE,11,786.0,95.45,9.808258163603542
1758,NON-ECOMMERCE,7,140.0,19.84,34.22190843825538
1769,NON-ECOMMERCE,16,2959.0,466.11,7.9187098041608674
1777,NON-ECOMMERCE,65,3704.0,908.82,5.1100605162952455
1780,NON-ECOMMERCE,41,7250.0,630.09,22.900595439242963
1781,NON-ECOMMERCE,1,20.0,1.61,12.422360248447204
1784,NON-ECOMMERCE,1,100.0,25.99,3.8476337052712584
1792,NON-ECOMMERCE,34,2968.0,935.16,10.537164499829768
1798,NON-ECOMMERCE,5,2113.0,235.95000000000002,10.438350545809831
1803,NON-ECOMMERCE,31,2776.0,564.79,9.16752112313467
1806,NON-ECOMMERCE,6,302.0,7.739999999999999,78.00202431684117
1807,NON-ECOMMERCE,12,1517.0,90.99000000000001,26.325799960282836
1808,NON-ECOMMERCE,15,10659.0,531.17,18.448022427451075
1810,NON-ECOMMERCE,5,2469.0,155.67,16.29568315428276
1811,NON-ECOMMERCE,4,368.0,5.3100000000000005,75.93386891793755
1817,NON-ECOMMERCE,32,3010.0,461.74,6.87851245410932
1821,NON-ECOMMERCE,4,485.0,70.95,4.498685918510638
1823,NON-ECOMMERCE,9,1112.0,234.85,12.048552825653745
1827,NON-ECOMMERCE,11,1106.0,203.39,8.028139371242817
1838,NON-ECOMMERCE,1,20.0,7.04,2.840909090909091
1842,NON-ECOMMERCE,41,20151.3,3068.37,7.065058251995183
1849,NON-ECOMMERCE,19,1427.18,556.79,2.7062805599500477
1852,NON-ECOMMERCE,231,23996.0,2031.79,23.26772399370993
1869,NON-ECOMMERCE,93,719.0,148.6,5.629259352694006
1870,NON-ECOMMERCE,3,85.0,7.71,14.621222966050553
1871,NON-ECOMMERCE,4,365.0,39.28,9.614469113320235
1873,NON-ECOMMERCE,3,279.0,19.509999999999998,16.441443164666918
1879,NON-ECOMMERCE,1,31.0,4.79,6.471816283924843
1889,NON-ECOMMERCE,20,2015.0,431.88,5.098718871704298
1892,NON-ECOMMERCE,148,39317.0,3568.46,11.529393298063226
1902,NON-ECOMMERCE,81,4456.45,534.27,34.09144191147899
1909,NON-ECOMMERCE,13,2849.0,543.8199999999999,5.200984501781289
1911,NON-ECOMMERCE,7,1535.0,172.57,9.67685573368581
1913,NON-ECOMMERCE,145,3286.0,295.5,13.023518423875585
1919,NON-ECOMMERCE,1,20.0,4.5,4.444444444444445
1921,NON-ECOMMERCE,4,1383.0,73.52000000000001,24.26496640740408
1922,NON-ECOMMERCE,11,5235.0,435.88,10.747488323222587
1937,NON-ECOMMERCE,29,7787.0,712.26,13.21668542368662
1939,NON-ECOMMERCE,8,679.0,123.49000000000001,5.76504175211403
1941,NON-ECOMMERCE,114,12369.2,3659.46,4.671036984906474
1947,NON-ECOMMERCE,55,3113.4,347.79,58.480147590815754
1958,NON-ECOMMERCE,10,3902.0,274.65999999999997,12.241673317872511
1959,NON-ECOMMERCE,21,2412.0,329.94,9.694886333054292
1963,NON-ECOMMERCE,50,7485.0,1162.18,6.906470362870698
1964,NON-ECOMMERCE,18,2477.7,318.28,7.630594838655321
1966,NON-ECOMMERCE,54,42850.0,2556.75,21.4854346903843
1967,NON-ECOMMERCE,12,920.0,146.93,6.2625595891073615
1971,NON-ECOMMERCE,85,5235.6,1076.72,6.4402851723942005
1976,NON-ECOMMERCE,64,3652.0,636.0,8.980587111948697
1984,NON-ECOMMERCE,146,9675.884,3832.78,9.645684075029816
1985,NON-ECOMMERCE,2,205.0,25.189999999999998,7.5521107221379165
1986,NON-ECOMMERCE,8,2987.0,488.22,6.121575343283821
1990,NON-ECOMMERCE,10,372.0,55.82,15.140536752817368
1999,NON-ECOMMERCE,2,340.0,15.16,21.920656544208082
2010,NON-ECOMMERCE,10,2820.0,356.09000000000003,8.388997177075257
2011,NON-ECOMMERCE,1,290.0,18.06,16.057585825027687
2018,NON-ECOMMERCE,1,65.0,5.98,10.869565217391303
2033,NON-ECOMMERCE,30,1070.0,51.03,22.50443738750047
2035,NON-ECOMMERCE,10,2405.0,229.74,10.947146980475274
2037,NON-ECOMMERCE,1,46.0,6.0,7.666666666666667
2038,NON-ECOMMERCE,26,1850.0,350.12,5.070871805022515
2040,NON-ECOMMERCE,1,600.0,13.75,43.63636363636363
2041,NON-ECOMMERCE,72,13141.880000000001,1492.03,8.86087598261574
2042,NON-ECOMMERCE,39,5216.0,898.6099999999999,23.347085615612567
2047,NON-ECOMMERCE,8,690.0,183.06,25.01928766029218
2049,NON-ECOMMERCE,9,495.0,62.65,8.886589039074089
2055,NON-ECOMMERCE,40,15863.0,1809.49,10.30099689195676
2064,NON-ECOMMERCE,6,345.0,175.57,2.095158338908858
2068,NON-ECOMMERCE,13,11672.0,1540.39,10.442023154059903
2072,NON-ECOMMERCE,6,1423.0,321.96,4.133713732385131
2075,NON-ECOMMERCE,9,1261.0,87.14,14.292286229471781
2078,NON-ECOMMERCE,2,247.0,16.66,12.3941199645425
2087,NON-ECOMMERCE,59,5367.74,896.12,6.171549238902281
2088,NON-ECOMMERCE,1,20.0,4.47,4.47427293064877
2097,NON-ECOMMERCE,26,520.0,48.89,91.47762612873355
2108,NON-ECOMMERCE,4,240.0,31.52,9.165147854035727
2111,NON-ECOMMERCE,2,211.0,17.509999999999998,12.46199715932434
2114,NON-ECOMMERCE,1,300.0,12.73,23.566378633150038
2116,NON-ECOMMERCE,2,2800.0,150.01,18.665422305179654
2117,NON-ECOMMERCE,2,166.0,24.45,6.760605527195917
2118,NON-ECOMMERCE,1,20.0,0.33,60.6060606060606
2128,NON-ECOMMERCE,9,4019.3,723.3,5.2686599756856
2131,NON-ECOMMERCE,18,381.0,46.82,12.752786268585915
2137,NON-ECOMMERCE,4,50.0,10.31,10.861160527242
2144,NON-ECOMMERCE,1,40.0,8.33,4.801920768307323
2148,NON-ECOMMERCE,2,2310.0,26.16,115.1300187491843
2152,NON-ECOMMERCE,10,665.6,133.63,5.013794454082671
2155,NON-ECOMMERCE,8,467.0,76.44,6.415980905693055
2156,NON-ECOMMERCE,5,4890.0,168.17999999999998,24.51826403475966
2157,NON-ECOMMERCE,6,567.0,94.57,6.146744459260479
2165,NON-ECOMMERCE,1,21.6,3.5,6.171428571428572
2167,NON-ECOMMERCE,1,56.0,5.94,9.427609427609427
2179,NON-ECOMMERCE,14,3274.0,251.61,13.434631308353476
2183,NON-ECOMMERCE,16,229.0,38.019999999999996,4.380133653674836
2184,NON-ECOMMERCE,4,308.0,108.29,2.766545991337731
2188,NON-ECOMMERCE,94,26345.0,2886.69,9.811285608564623
2189,NON-ECOMMERCE,23,1370.0,285.76,6.390354992439868
2190,NON-ECOMMERCE,1,220.0,1.17,188.03418803418805
2194,NON-ECOMMERCE,6,1122.0,62.42,17.095128819844998
2196,NON-ECOMMERCE,8,7279.0,192.32,44.16031130725679
2207,NON-ECOMMERCE,1,438.0,41.81,10.475962688352068
2208,NON-ECOMMERCE,2,92.0,5.66,17.96925566343042
2209,NON-ECOMMERCE,3,676.0,123.30999999999999,5.108926687990782
2212,NON-ECOMMERCE,38,5258.0,1066.75,4.76845702438614
2216,NON-ECOMMERCE,5,365.0,62.82,8.058921164842072
2219,NON-ECOMMERCE,15,493.0,38.34,16.103964164643948
2225,NON-ECOMMERCE,7,201.0,25.259999999999998,9.311558856595541
2230,NON-ECOMMERCE,3,136.0,9.64,19.217354733331376
2239,NON-ECOMMERCE,4,4124.91,490.16999999999996,8.225980946584382
2241,NON-ECOMMERCE,24,29165.0,1580.19,19.883761225292474
2252,NON-ECOMMERCE,4,436.0,50.6,8.727852334483966
2258,NON-ECOMMERCE,9,987.0,41.21,47.030126867184464
2266,NON-ECOMMERCE,4,1140.0,70.8,13.006245942230981
2269,NON-ECOMMERCE,3,175.0,28.85,6.065909481451808
2274,NON-ECOMMERCE,22,1751.0,226.35,10.903934455069596
2288,NON-ECOMMERCE,5,740.0,89.22999999999999,8.400014858069886
2289,NON-ECOMMERCE,5,411.0,64.51,6.143046375129879
2291,NON-ECOMMERCE,8,948.0,141.32,9.346601486175098
2296,NON-ECOMMERCE,1,50.0,13.5,3.7037037037037037
2307,NON-ECOMMERCE,7,1224.5,241.61,5.737792820724256
2325,NON-ECOMMERCE,3,900.0,439.99,2.0430974330057663
2327,NON-ECOMMERCE,25,2065.5,315.13,6.653065646315981
2330,NON-ECOMMERCE,2,410.0,96.33,5.475161167993933
2335,NON-ECOMMERCE,4,859.0,150.04,4.684892993041797
2337,NON-ECOMMERCE,9,3380.0,166.93,27.18896232272916
2338,NON-ECOMMERCE,1,797.0,42.0,18.976190476190474
2340,NON-ECOMMERCE,2,150.0,12.84,108.13492063492063
2341,NON-ECOMMERCE,1,20.0,0.17,117.6470588235294
2347,NON-ECOMMERCE,2,1840.0,112.02000000000001,14.690480598310215
2363,NON-ECOMMERCE,1,40.0,0.6,66.66666666666667
2364,NON-ECOMMERCE,1,28.0,1.56,17.94871794871795
2365,NON-ECOMMERCE,1,215.0,4.22,50.9478672985782
2368,NON-ECOMMERCE,2,200.0,17.82,11.222820346970664
2369,NON-ECOMMERCE,10,4780.0,285.1,16.76604700105226
2385,NON-ECOMMERCE,1,470.0,11.17,42.07699194270367
2395,NON-ECOMMERCE,1,20.0,10.99,1.8198362147406733
2403,NON-ECOMMERCE,2,82.0,1.04,82.642089093702
1144,PHARMA,76,8720.223,1186.07,6.8473741752090715
1161,PHARMA,235,36511.0,8236.82,5.865637282551331
1164,PHARMA,385,118395.5,17128.59,7.206015831018038
1165,PHARMA,970,33088.0,7126.23,5.814821015497054
1171,PHARMA,349,59037.45,10292.460000000001,5.919496427432575
1186,PHARMA,2,133.0,41.91,3.258379951789694
1192,PHARMA,16,635.0,229.38,2.8112838625415706
1193,PHARMA,545,30355.85,3997.52,11.658199774840451
1211,PHARMA,184,103834.34,11408.65,14.67633448193596
1241,PHARMA,28,4577.58,670.35,6.895800322010558
1250,PHARMA,39,57033.0,5626.79,10.98108623767353
1255,PHARMA,40,6899.0,834.93,7.798986319987803
1260,PHARMA,12,1618.0,195.39,7.281908483122154
1272,PHARMA,31,1320.0,209.77,6.355546367691061
1283,PHARMA,44,15023.0,2295.92,8.11752733236891
1305,PHARMA,64,1077.0,917.5699999999999,4.131623443005431
1308,PHARMA,425,76729.26,5882.35,19.00046216194371
1318,PHARMA,44,8623.039999999999,930.49,8.703304643634048
1361,PHARMA,45,11852.918,2083.1,7.17168837265889
1364,PHARMA,28,4165.0,542.39,6.287648737445155
1366,PHARMA,47,13484.0,669.76,18.34298309322158
1378,PHARMA,182,7970.0,438.92,20.09652756172304
1379,PHARMA,5,1968.0,184.28,10.005752219561305
1382,PHARMA,3,599.0,56.92,10.895204704985348
1392,PHARMA,14,1225.0,207.12,6.113230764805331
1396,PHARMA,15,11318.75,1785.26,5.186006074866659
1397,PHARMA,41,29852.0,2796.2200000000003,10.216472466579713
1417,PHARMA,41,28557.5,3471.22,9.787282255780658
1440,PHARMA,94,7997.0,1242.96,6.642226405703718
1466,PHARMA,174,70999.14,3762.11,18.58942274924051
1468,PHARMA,76,7289.0,651.5,11.329088636706036
1474,PHARMA,231,22759.66,3785.62,6.378875455136005
1485,PHARMA,113,17830.0,1607.78,11.773625730050082
1504,PHARMA,45,15682.6,1468.92,8.589404026984226
1527,PHARMA,24,1198.36,157.58,7.349252326544608
1538,PHARMA,12,1588.0,211.14,7.38035549937764
1547,PHARMA,30,1561.0,242.43,6.850707698242399
1551,PHARMA,31,1615.0,92.85,18.029123780380278
1597,PHARMA,14,328.0,19.25,17.634584147751546
1616,PHARMA,43,17562.25,1687.73,13.81092369079253
1642,PHARMA,39,34268.0,6920.8,4.955817857483255
1647,PHARMA,42,37821.0,6359.33,6.500665822271846
1648,PHARMA,29,4783.0,691.5,6.308698457452513
1653,PHARMA,12,32197.0,2777.67,12.296563488274598
1666,PHARMA,38,10140.0,592.61,16.024173438849147
1667,PHARMA,18,11093.6,1288.33,18.19434520429342
1672,PHARMA,60,15003.0,1273.8799999999999,12.129166329571914
1681,PHARMA,3,622.0,106.75,5.521631179987355
1686,PHARMA,58,8485.505000000001,1504.6499999999999,7.695193472652483
1690,PHARMA,127,11581.615,1424.3,7.326088789726252
1692,PHARMA,13,1085.0,138.96,8.948170879853759
1734,PHARMA,135,10983.0,1653.59,7.694855817174256
1735,PHARMA,19,4705.0,242.94,17.6448432091587
1738,PHARMA,6,102.0,62.43,1.6118202161239132
1739,PHARMA,50,7362.0,911.6899999999999,9.362168656872468
1770,PHARMA,11,17137.0,2021.6,9.211739121449519
1774,PHARMA,24,1491.0,202.77,10.024235096420325
1775,PHARMA,85,8782.0,1069.45,14.525380866201388
1793,PHARMA,87,2653.0,334.83,7.960925458636633
1800,PHARMA,1,52.0,3.22,16.149068322981364
1826,PHARMA,7,137.0,14.79,9.448664108170819
1837,PHARMA,22,7393.0,1153.61,8.437501517708212
1841,PHARMA,6,580.0,56.66,10.113550553047157
1851,PHARMA,7,185.0,25.48,7.517481208777679
1864,PHARMA,20,753.8,287.82,3.03214430654606
1868,PHARMA,11,2005.0,265.39,7.4536042280380945
1875,PHARMA,223,52335.63,5411.7,32.11131677499006
1885,PHARMA,18,11637.01,1270.3300000000002,9.071543383564702
1906,PHARMA,24,9903.0,923.25,11.507950265138275
1915,PHARMA,4,4845.0,452.80999999999995,10.09181945856442
1940,PHARMA,7,726.0,92.53,6.8707798892358225
1942,PHARMA,15,12834.2,1087.36,10.28642059778596
1972,PHARMA,40,7988.0,894.18,10.074196804267839
1983,PHARMA,18,1919.0,232.56,8.695113582710398
2001,PHARMA,15,8840.0,4459.48,2.398296550400951
2004,PHARMA,1,130.0,30.33,4.286185295087373
2014,PHARMA,7,1029.0,86.78,11.777767810890314
2026,PHARMA,7,165.0,31.59,11.258910747645256
2030,PHARMA,10,4532.4,907.81,4.888999356312498
2045,PHARMA,8,3072.0,322.2,9.57440819584427
2082,PHARMA,5,1135.0,719.5699999999999,1.6655613729135457
2092,PHARMA,3,929.0,90.32,10.614256792145355
2100,PHARMA,4,1750.0,431.21999999999997,4.284029180087098
2104,PHARMA,9,27612.0,2313.88,10.440050875787517
2112,PHARMA,12,1943.0,325.34,6.837770546847499
2138,PHARMA,5,352.0,62.62,6.589820298284418
2141,PHARMA,30,3023.0,288.0,11.447416423464853
2142,PHARMA,8,710.0,53.230000000000004,13.107092619858012
2146,PHARMA,2,4400.0,361.18,16.31935711115686
2198,PHARMA,2,1241.0,133.04000000000002,11.052587554564997
2199,PHARMA,7,425.0,65.34,18.658263486191995
2203,PHARMA,10,4160.0,482.22,8.572313111369027
2211,PHARMA,1,47.0,2.9,16.20689655172414
2244,PHARMA,34,1235.0,198.38,6.378089558044941
2250,PHARMA,31,5308.0,729.59,7.138801670381778
2253,PHARMA,6,575.0,90.92,7.366854152551734
2260,PHARMA,7,6270.0,901.13,8.191679146470424
2267,PHARMA,2,221.0,60.96,2.8892763357432236
2275,PHARMA,2,1575.0,106.25,14.789077495975434
2294,PHARMA,1,94.0,18.0,5.222222222222222
2315,PHARMA,3,62.0,10.37,5.766629520910342
2320,PHARMA,2,38.0,5.06,7.361485871310567
2322,PHARMA,4,2249.0,265.33,8.842456674126536
2331,PHARMA,2,103.0,3.84,70.68862275449102
2339,PHARMA,3,3035.0,351.17,8.36975189635524
2354,PHARMA,1,28.0,8.56,3.2710280373831773
2361,PHARMA,1,78.0,7.41,10.526315789473683
2372,PHARMA,1,360.0,37.19,9.680021511158914
2374,PHARMA,1,1380.0,396.3,3.4822104466313397
2376,PHARMA,1,1880.0,72.4,25.966850828729278
2387,PHARMA,2,57.0,5.16,10.16012909632572
1166,RETAIL,22,2858.0,352.22,7.20359157445763
1200,RETAIL,89,40024.21,2059.48,23.478784703296174
1205,RETAIL,6,218.0,25.0,10.316489709262319
1207,RETAIL,6,324.0,23.21,13.98200771725945
1213,RETAIL,19,1049.16,138.73,11.357817289733585
1276,RETAIL,52,3896.0,186.74,25.8483349856809
1306,RETAIL,68,13095.19,1325.25,8.385246539520201
1310,RETAIL,219,18314.388,2862.16,15.979026681579231
1370,RETAIL,2,490.0,10.07,48.752794167594764
1494,RETAIL,5,561.0,56.28,9.520922721945432
1574,RETAIL,1,22.0,1.39,15.827338129496404
1575,RETAIL,1,146.0,24.19,6.035551880942538
1595,RETAIL,14,665.0,127.1,6.017740384213594
1604,RETAIL,249,35705.0,6186.4400000000005,6.934136827729303
1620,RETAIL,52,3419.0,321.75,11.756698981708212
1694,RETAIL,3,445.0,33.11,14.408178852478988
1702,RETAIL,5,452.5,67.78999999999999,10.220995866350819
1728,RETAIL,3,94.0,7.98,11.96113516113516
1753,RETAIL,2,867.0,83.31,10.188575537236108
1754,RETAIL,10,4804.0,256.15,18.676929222494415
1802,RETAIL,8,138.0,26.47,6.1119995504883295
1830,RETAIL,130,1576.0,218.07999999999998,7.836592961931203
1860,RETAIL,65,3900.0,596.46,8.747296118522602
1872,RETAIL,7,984.0,173.13,5.889841217680538
1874,RETAIL,1,326.0,54.27,6.007002026902524
1884,RETAIL,25,6113.0,1422.75,5.8521167944943135
1943,RETAIL,15,2139.62,376.36,6.185370793709326
1949,RETAIL,26,2105.0,366.21,5.744580135536709
2015,RETAIL,10,660.0,80.53999999999999,8.446671792051335
2023,RETAIL,8,4124.0,639.5,8.198536818511444
2025,RETAIL,41,1880.0,159.72,6.845147969078238
2039,RETAIL,1,20.0,1.47,13.60544217687075
2147,RETAIL,37,4966.38,805.87,7.218931268210267
2218,RETAIL,1,34.0,4.69,7.249466950959488
2234,RETAIL,1,10.0,2.66,3.7593984962406015
2314,RETAIL,1,35.0,3.3,10.606060606060607
2323,RETAIL,6,217.0,12.59,15.149849949211855
2344,RETAIL,1,60.0,10.0,6.0
2359,RETAIL,1,1680.0,260.81,6.441470802499904
2366,RETAIL,2,83.0,5.53,15.31760640702706
2401,RETAIL,1,125.0,9.54,13.102725366876312
2405,RETAIL,1,1190.0,5.93,200.6745362563238
